CompNM,CompMental,PeerNM,PeerMental
CompMental,PeerNM,PeerMental,CompNM
PeerMental,CompNM,CompMental,PeerNM
CompNM,CompMental,PeerNM,PeerMental
PeerNM,PeerMental,CompNM,CompMental
PeerMental,CompNM,CompMental,PeerNM
PeerNM,PeerMental,CompNM,CompMental
CompMental,PeerNM,PeerMental,CompNM
PeerNM,PeerMental,CompNM,CompMental
CompMental,PeerNM,PeerMental,CompNM
PeerNM,PeerMental,CompNM,CompMental
CompNM,CompMental,PeerNM,PeerMental
CompMental,PeerNM,PeerMental,CompNM
CompMental,PeerNM,PeerMental,CompNM
CompNM,CompMental,PeerNM,PeerMental
PeerMental,CompNM,CompMental,PeerNM
PeerNM,PeerMental,CompNM,CompMental
PeerMental,CompNM,CompMental,PeerNM
PeerMental,CompNM,CompMental,PeerNM
CompMental,PeerNM,PeerMental,CompNM
CompNM,CompMental,PeerNM,PeerMental
CompNM,CompMental,PeerNM,PeerMental
PeerMental,CompNM,CompMental,PeerNM
PeerNM,PeerMental,CompNM,CompMental
PeerNM,PeerMental,CompNM,CompMental
CompMental,PeerNM,PeerMental,CompNM
PeerNM,PeerMental,CompNM,CompMental
CompMental,PeerNM,PeerMental,CompNM
CompNM,CompMental,PeerNM,PeerMental
CompMental,PeerNM,PeerMental,CompNM
CompMental,PeerNM,PeerMental,CompNM
CompNM,CompMental,PeerNM,PeerMental
PeerMental,CompNM,CompMental,PeerNM
PeerNM,PeerMental,CompNM,CompMental
PeerMental,CompNM,CompMental,PeerNM
CompNM,CompMental,PeerNM,PeerMental
CompMental,PeerNM,PeerMental,CompNM
CompNM,CompMental,PeerNM,PeerMental
PeerMental,CompNM,CompMental,PeerNM
PeerNM,PeerMental,CompNM,CompMental
PeerMental,CompNM,CompMental,PeerNM
CompNM,CompMental,PeerNM,PeerMental
CompNM,CompMental,PeerNM,PeerMental
PeerNM,PeerMental,CompNM,CompMental
CompMental,PeerNM,PeerMental,CompNM
PeerMental,CompNM,CompMental,PeerNM
PeerMental,CompNM,CompMental,PeerNM
PeerNM,PeerMental,CompNM,CompMental
PeerNM,PeerMental,CompNM,CompMental
PeerMental,CompNM,CompMental,PeerNM
PeerNM,PeerMental,CompNM,CompMental
CompNM,CompMental,PeerNM,PeerMental
PeerMental,CompNM,CompMental,PeerNM
CompNM,CompMental,PeerNM,PeerMental
PeerNM,PeerMental,CompNM,CompMental
CompMental,PeerNM,PeerMental,CompNM
PeerMental,CompNM,CompMental,PeerNM
PeerNM,PeerMental,CompNM,CompMental
CompNM,CompMental,PeerNM,PeerMental
CompNM,CompMental,PeerNM,PeerMental
CompMental,PeerNM,PeerMental,CompNM
PeerMental,CompNM,CompMental,PeerNM
CompMental,PeerNM,PeerMental,CompNM
PeerNM,PeerMental,CompNM,CompMental
PeerNM,PeerMental,CompNM,CompMental
CompMental,PeerNM,PeerMental,CompNM
CompNM,CompMental,PeerNM,PeerMental
CompMental,PeerNM,PeerMental,CompNM
PeerMental,CompNM,CompMental,PeerNM
CompMental,PeerNM,PeerMental,CompNM
PeerMental,CompNM,CompMental,PeerNM
CompNM,CompMental,PeerNM,PeerMental
PeerNM,PeerMental,CompNM,CompMental
CompNM,CompMental,PeerNM,PeerMental
PeerMental,CompNM,CompMental,PeerNM
CompNM,CompMental,PeerNM,PeerMental
CompMental,PeerNM,PeerMental,CompNM
PeerMental,CompNM,CompMental,PeerNM
CompNM,CompMental,PeerNM,PeerMental
PeerNM,PeerMental,CompNM,CompMental
CompMental,PeerNM,PeerMental,CompNM
CompNM,CompMental,PeerNM,PeerMental
PeerMental,CompNM,CompMental,PeerNM
CompMental,PeerNM,PeerMental,CompNM
CompMental,PeerNM,PeerMental,CompNM
PeerNM,PeerMental,CompNM,CompMental
CompNM,CompMental,PeerNM,PeerMental
PeerNM,PeerMental,CompNM,CompMental
CompNM,CompMental,PeerNM,PeerMental
PeerMental,CompNM,CompMental,PeerNM
CompMental,PeerNM,PeerMental,CompNM
CompMental,PeerNM,PeerMental,CompNM
PeerMental,CompNM,CompMental,PeerNM
PeerMental,CompNM,CompMental,PeerNM
PeerNM,PeerMental,CompNM,CompMental
PeerNM,PeerMental,CompNM,CompMental
,,,